Date.Dissected,Date.Frozen,Date.Collected,Collection.Site,Nest,Pair.Group,Raided,Worker.Queen,Behavior.Code,Ant,Webers.Length.mm,Venom.Sac.Length.mm,Venom.Sac.Width.mm,Final.Worker.Count,Final.Queen.Count.Dealate,Final.Pupae.Count,Final.Larvae.Count,Final.Egg.Count,Final.Queen.Count.Alate,Final.Male.Count
8/30/22,8/23/22,7/25/22,Coy Glen,11,6,N,Worker,N,1,0.86,0.15,0.08,14,0,0,3,21,0,0
8/30/22,8/23/22,7/25/22,Coy Glen,11,6,N,Worker,N,2,0.8,0.2,0.08,14,0,0,3,21,0,0
8/30/22,8/23/22,7/25/22,Coy Glen,11,6,N,Worker,F,3,0.78,0.19,0.11,14,0,0,3,21,0,0
8/30/22,8/23/22,7/25/22,Coy Glen,11,6,N,Worker,F,4,0.73,0.12,0.12,14,0,0,3,21,0,0
8/30/22,8/23/22,7/25/22,Coy Glen,11,6,N,Worker,F,5,0.79,0.2,0.09,14,0,0,3,21,0,0
8/30/22,8/23/22,7/25/22,Coy Glen,11,6,N,Worker,X,6,0.82,0.15,0.1,14,0,0,3,21,0,0
8/30/22,8/23/22,7/25/22,Coy Glen,11,6,N,Worker,X,7,0.85,0.19,0.1,14,0,0,3,21,0,0
8/30/22,8/23/22,7/25/22,Coy Glen,11,6,N,Worker,X,8,0.81,0.16,0.11,14,0,0,3,21,0,0
8/30/22,8/23/22,7/25/22,Coy Glen,11,6,N,Worker,X,9,0.78,0.2,0.09,14,0,0,3,21,0,0
8/30/22,8/23/22,7/25/22,Coy Glen,12,6,Y,Worker,N,10,0.81,0.16,0.13,23,0,0,6,90,0,0
8/30/22,8/23/22,7/25/22,Coy Glen,12,6,Y,Worker,N,11,0.76,0.2,0.11,23,0,0,6,90,0,0
8/30/22,8/23/22,7/25/22,Coy Glen,12,6,Y,Worker,N,12,0.81,0.2,0.12,23,0,0,6,90,0,0
8/30/22,8/23/22,7/25/22,Coy Glen,12,6,Y,Worker,N,13,0.83,0.21,0.1,23,0,0,6,90,0,0
8/30/22,8/23/22,7/25/22,Coy Glen,12,6,Y,Worker,N,14,0.83,0.24,0.07,23,0,0,6,90,0,0
8/30/22,8/23/22,7/25/22,Coy Glen,12,6,Y,Worker,N,15,0.86,0.2,0.1,23,0,0,6,90,0,0
8/30/22,8/23/22,7/25/22,Coy Glen,12,6,Y,Worker,N,16,0.81,0.18,0.09,23,0,0,6,90,0,0
8/30/22,8/23/22,7/25/22,Coy Glen,12,6,Y,Worker,N,17,0.86,0.21,0.13,23,0,0,6,90,0,0
8/30/22,8/23/22,7/25/22,Coy Glen,12,6,Y,Worker,X,18,0.79,0.22,0.13,23,0,0,6,90,0,0
8/30/22,8/23/22,7/25/22,Coy Glen,12,6,Y,Worker,X,19,0.81,0.18,0.1,23,0,0,6,90,0,0
8/30/22,8/23/22,7/25/22,Coy Glen,12,6,Y,Worker,X,20,0.78,0.16,0.1,23,0,0,6,90,0,0
8/30/22,8/23/22,7/25/22,Coy Glen,12,6,Y,Worker,X,21,0.9,0.19,0.12,23,0,0,6,90,0,0
8/30/22,8/23/22,7/25/22,Coy Glen,12,6,Y,Worker,X,22,0.8,0.22,0.07,23,0,0,6,90,0,0
8/30/22,8/23/22,7/25/22,Coy Glen,12,6,Y,Worker,X,23,0.82,0.17,0.07,23,0,0,6,90,0,0
8/30/22,8/23/22,7/25/22,Coy Glen,12,6,Y,Worker,X,24,0.87,0.18,0.1,23,0,0,6,90,0,0
8/30/22,8/23/22,7/25/22,Coy Glen,12,6,Y,Worker,X,25,0.79,0.14,0.1,23,0,0,6,90,0,0
9/7/22,8/24/22,7/25/22,Coy Glen,13,7,N,Worker,N,26,0.83,0.17,0.11,26,2,0,2,120,5,4
9/7/22,8/24/22,7/25/22,Coy Glen,13,7,N,Worker,N,27,0.79,0.13,0.08,26,2,0,2,120,5,4
9/7/22,8/24/22,7/25/22,Coy Glen,13,7,N,Worker,N,28,0.88,0.22,0.09,26,2,0,2,120,5,4
9/7/22,8/24/22,7/25/22,Coy Glen,13,7,N,Worker,N,29,0.82,0.25,0.08,26,2,0,2,120,5,4
9/7/22,8/24/22,7/25/22,Coy Glen,13,7,N,Worker,N,30,0.83,0.15,0.08,26,2,0,2,120,5,4
9/7/22,8/24/22,7/25/22,Coy Glen,13,7,N,Worker,N,31,0.71,0.21,0.09,26,2,0,2,120,5,4
9/7/22,8/24/22,7/25/22,Coy Glen,13,7,N,Worker,N,32,0.85,0.18,0.1,26,2,0,2,120,5,4
9/7/22,8/24/22,7/25/22,Coy Glen,13,7,N,Worker,F,33,0.8,0.2,0.08,26,2,0,2,120,5,4
9/7/22,8/24/22,7/25/22,Coy Glen,13,7,N,Worker,F,34,0.81,0.15,0.07,26,2,0,2,120,5,4
9/7/22,8/24/22,7/25/22,Coy Glen,13,7,N,Queen,AQ,35,1.22,0.23,0.12,26,2,0,2,120,5,4
9/7/22,8/24/22,7/25/22,Coy Glen,13,7,N,Queen,DQ,36,1.22,0.24,0.11,26,2,0,2,120,5,4
9/7/22,8/24/22,7/25/22,Coy Glen,13,7,N,Queen,AQ,37,1.25,0.15,0.14,26,2,0,2,120,5,4
9/7/22,8/24/22,7/25/22,Coy Glen,13,7,N,Queen,AQ,38,1.28,0.21,0.1,26,2,0,2,120,5,4
9/7/22,8/24/22,7/25/22,Coy Glen,13,7,N,Queen,DQ,39,1.23,0.18,0.12,26,2,0,2,120,5,4
9/7/22,8/24/22,7/25/22,Coy Glen,13,7,N,Worker,X,40,0.8,0.23,0.06,26,2,0,2,120,5,4
9/7/22,8/24/22,7/25/22,Coy Glen,13,7,N,Worker,X,41,0.72,0.16,0.08,26,2,0,2,120,5,4
9/7/22,8/24/22,7/25/22,Coy Glen,13,7,N,Worker,X,42,0.79,0.22,0.09,26,2,0,2,120,5,4
9/7/22,8/24/22,7/25/22,Coy Glen,13,7,N,Worker,X,43,0.8,0.16,0.09,26,2,0,2,120,5,4
9/7/22,8/24/22,7/25/22,Coy Glen,13,7,N,Worker,X,44,0.8,0.17,0.08,26,2,0,2,120,5,4
9/7/22,8/24/22,7/25/22,Coy Glen,13,7,N,Worker,X,45,0.81,0.15,0.07,26,2,0,2,120,5,4
9/7/22,8/24/22,7/25/22,Coy Glen,13,7,N,Worker,X,46,0.8,0.14,0.07,26,2,0,2,120,5,4
9/7/22,8/24/22,7/25/22,Coy Glen,13,7,N,Worker,X,47,0.79,0.18,0.08,26,2,0,2,120,5,4
9/7/22,8/24/22,7/25/22,Coy Glen,14,7,Y,Worker,N,48,0.82,0.16,0.08,18,1,0,2,60,3,0
9/7/22,8/24/22,7/25/22,Coy Glen,14,7,Y,Worker,N,49,0.85,0.21,0.08,18,1,0,2,60,3,0
9/7/22,8/24/22,7/25/22,Coy Glen,14,7,Y,Worker,N,50,0.8,0.2,0.08,18,1,0,2,60,3,0
9/7/22,8/24/22,7/25/22,Coy Glen,14,7,Y,Worker,N,51,0.82,0.19,0.07,18,1,0,2,60,3,0
9/7/22,8/24/22,7/25/22,Coy Glen,14,7,Y,Worker,N,52,0.76,0.17,0.11,18,1,0,2,60,3,0
9/7/22,8/24/22,7/25/22,Coy Glen,14,7,Y,Worker,N,53,0.78,0.18,0.07,18,1,0,2,60,3,0
9/7/22,8/24/22,7/25/22,Coy Glen,14,7,Y,Worker,N,54,0.8,0.18,0.09,18,1,0,2,60,3,0
9/7/22,8/24/22,7/25/22,Coy Glen,14,7,Y,Queen,AQ,55,1.24,0.21,0.11,18,1,0,2,60,3,0
9/7/22,8/24/22,7/25/22,Coy Glen,14,7,Y,Worker,F,56,0.83,0.25,0.12,18,1,0,2,60,3,0
9/7/22,8/24/22,7/25/22,Coy Glen,14,7,Y,Worker,F,57,0.73,0.25,0.1,18,1,0,2,60,3,0
9/7/22,8/24/22,7/25/22,Coy Glen,14,7,Y,Queen,DQ,58,1.24,0.22,0.12,18,1,0,2,60,3,0
9/7/22,8/24/22,7/25/22,Coy Glen,14,7,Y,Worker,X,59,0.82,0.19,0.1,18,1,0,2,60,3,0
9/7/22,8/24/22,7/25/22,Coy Glen,14,7,Y,Worker,X,60,0.81,0.2,0.12,18,1,0,2,60,3,0
9/7/22,8/24/22,7/25/22,Coy Glen,14,7,Y,Worker,X,61,0.81,0.14,0.08,18,1,0,2,60,3,0
9/7/22,8/24/22,7/25/22,Coy Glen,14,7,Y,Queen,AQ,62,1.2,0.2,0.08,18,1,0,2,60,3,0
9/7/22,8/24/22,8/8/22,SHRT,15,8,Y,Worker,N,63,0.79,0.15,0.06,35,9,1,10,100,0,0
9/7/22,8/24/22,8/8/22,SHRT,15,8,Y,Worker,N,64,0.82,0.19,0.1,35,9,1,10,100,0,0
9/7/22,8/24/22,8/8/22,SHRT,15,8,Y,Worker,N,65,0.78,0.17,0.08,35,9,1,10,100,0,0
9/7/22,8/24/22,8/8/22,SHRT,15,8,Y,Worker,N,66,0.79,0.15,0.09,35,9,1,10,100,0,0
9/7/22,8/24/22,8/8/22,SHRT,15,8,Y,Worker,N,67,0.86,0.23,0.1,35,9,1,10,100,0,0
9/7/22,8/24/22,8/8/22,SHRT,15,8,Y,Worker,N,68,0.82,0.19,0.12,35,9,1,10,100,0,0
9/7/22,8/24/22,8/8/22,SHRT,15,8,Y,Worker,N,69,0.78,0.16,0.08,35,9,1,10,100,0,0
9/7/22,8/24/22,8/8/22,SHRT,15,8,Y,Worker,N,70,0.81,0.22,0.09,35,9,1,10,100,0,0
9/7/22,8/24/22,8/8/22,SHRT,15,8,Y,Worker,N,71,0.83,0.18,0.12,35,9,1,10,100,0,0
9/7/22,8/24/22,8/8/22,SHRT,15,8,Y,Worker,F,72,0.84,0.19,0.1,35,9,1,10,100,0,0
9/7/22,8/24/22,8/8/22,SHRT,15,8,Y,Worker,X,73,0.83,0.21,0.08,35,9,1,10,100,0,0
9/7/22,8/24/22,8/8/22,SHRT,15,8,Y,Worker,X,74,0.78,0.18,0.09,35,9,1,10,100,0,0
9/7/22,8/24/22,8/8/22,SHRT,15,8,Y,Worker,X,75,0.84,0.23,0.12,35,9,1,10,100,0,0
9/7/22,8/24/22,8/8/22,SHRT,15,8,Y,Worker,X,76,0.77,0.23,0.08,35,9,1,10,100,0,0
9/7/22,8/24/22,8/8/22,SHRT,15,8,Y,Worker,X,77,0.82,0.21,0.09,35,9,1,10,100,0,0
9/7/22,8/24/22,8/8/22,SHRT,15,8,Y,Worker,X,78,0.83,0.2,0.12,35,9,1,10,100,0,0
9/7/22,8/24/22,8/8/22,SHRT,15,8,Y,Worker,X,79,0.82,0.21,0.07,35,9,1,10,100,0,0
9/7/22,8/24/22,8/8/22,SHRT,15,8,Y,Worker,X,80,0.87,0.23,0.1,35,9,1,10,100,0,0
9/7/22,8/24/22,8/8/22,SHRT,15,8,Y,Worker,X,81,0.84,0.2,0.07,35,9,1,10,100,0,0
9/7/22,8/24/22,8/8/22,SHRT,15,8,Y,Worker,X,82,0.8,0.2,0.11,35,9,1,10,100,0,0
9/7/22,8/24/22,8/8/22,SHRT,15,8,Y,Worker,X,83,0.79,0.22,0.09,35,9,1,10,100,0,0
9/7/22,8/24/22,8/8/22,SHRT,15,8,Y,Worker,X,84,0.83,0.18,0.1,35,9,1,10,100,0,0
9/7/22,8/24/22,8/8/22,SHRT,15,8,Y,Worker,X,85,0.82,0.18,0.12,35,9,1,10,100,0,0
9/7/22,8/24/22,8/8/22,SHRT,15,8,Y,Worker,X,86,0.79,0.14,0.07,35,9,1,10,100,0,0
9/7/22,8/24/22,8/8/22,SHRT,15,8,Y,Worker,X,87,0.83,0.21,0.11,35,9,1,10,100,0,0
9/7/22,8/24/22,8/8/22,SHRT,15,8,Y,Worker,X,88,0.8,0.21,0.1,35,9,1,10,100,0,0
9/7/22,8/24/22,8/8/22,SHRT,15,8,Y,Worker,X,89,0.82,0.23,0.09,35,9,1,10,100,0,0
9/7/22,8/24/22,8/8/22,SHRT,15,8,Y,Worker,X,90,0.84,0.23,0.1,35,9,1,10,100,0,0
9/7/22,8/24/22,8/8/22,SHRT,15,8,Y,Worker,X,91,0.84,0.15,0.09,35,9,1,10,100,0,0
9/7/22,8/24/22,8/8/22,SHRT,16,8,N,Worker,N,92,0.84,0.19,0.09,40,0,0,18,120,0,0
9/7/22,8/24/22,8/8/22,SHRT,16,8,N,Worker,N,93,0.83,0.21,0.09,40,0,0,18,120,0,0
9/7/22,8/24/22,8/8/22,SHRT,16,8,N,Worker,N,94,0.79,0.2,0.12,40,0,0,18,120,0,0
9/7/22,8/24/22,8/8/22,SHRT,16,8,N,Worker,N,95,0.81,0.13,0.09,40,0,0,18,120,0,0
9/7/22,8/24/22,8/8/22,SHRT,16,8,N,Worker,N,96,0.88,0.22,0.12,40,0,0,18,120,0,0
9/7/22,8/24/22,8/8/22,SHRT,16,8,N,Worker,N,97,0.87,0.21,0.1,40,0,0,18,120,0,0
9/7/22,8/24/22,8/8/22,SHRT,16,8,N,Worker,N,98,0.83,0.19,0.1,40,0,0,18,120,0,0
9/7/22,8/24/22,8/8/22,SHRT,16,8,N,Worker,N,99,0.85,0.16,0.1,40,0,0,18,120,0,0
9/7/22,8/24/22,8/8/22,SHRT,16,8,N,Worker,N,100,0.77,0.12,0.11,40,0,0,18,120,0,0
9/7/22,8/24/22,8/8/22,SHRT,16,8,N,Worker,F,101,0.8,0.19,0.09,40,0,0,18,120,0,0
9/7/22,8/24/22,8/8/22,SHRT,16,8,N,Worker,F,102,0.84,0.13,0.08,40,0,0,18,120,0,0
9/7/22,8/24/22,8/8/22,SHRT,16,8,N,Worker,X,103,0.83,0.18,0.1,40,0,0,18,120,0,0
9/7/22,8/24/22,8/8/22,SHRT,16,8,N,Worker,X,104,0.85,0.16,0.08,40,0,0,18,120,0,0
9/7/22,8/24/22,8/8/22,SHRT,16,8,N,Worker,X,105,0.79,0.15,0.07,40,0,0,18,120,0,0
9/7/22,8/24/22,8/8/22,SHRT,16,8,N,Worker,X,106,0.79,0.13,0.1,40,0,0,18,120,0,0
9/7/22,8/24/22,8/8/22,SHRT,16,8,N,Worker,X,107,0.78,0.17,0.1,40,0,0,18,120,0,0
9/7/22,8/24/22,8/8/22,SHRT,16,8,N,Worker,X,108,0.86,0.18,0.08,40,0,0,18,120,0,0
9/7/22,8/24/22,8/8/22,SHRT,16,8,N,Worker,X,109,0.82,0.12,0.08,40,0,0,18,120,0,0
9/7/22,8/24/22,8/8/22,SHRT,16,8,N,Worker,X,110,0.75,0.19,0.08,40,0,0,18,120,0,0
9/7/22,8/24/22,8/8/22,SHRT,16,8,N,Worker,X,111,0.91,0.17,0.11,40,0,0,18,120,0,0
9/7/22,8/24/22,8/8/22,SHRT,16,8,N,Worker,X,112,0.83,0.16,0.11,40,0,0,18,120,0,0
9/7/22,8/24/22,8/8/22,SHRT,16,8,N,Worker,X,113,0.86,0.18,0.09,40,0,0,18,120,0,0
9/7/22,8/24/22,8/8/22,SHRT,16,8,N,Worker,X,114,0.86,0.26,0.07,40,0,0,18,120,0,0
9/7/22,8/24/22,8/8/22,SHRT,16,8,N,Worker,X,115,0.87,0.23,0.12,40,0,0,18,120,0,0
9/7/22,8/24/22,8/8/22,SHRT,16,8,N,Worker,X,116,0.8,0.17,0.07,40,0,0,18,120,0,0
9/8/22,8/29/22,8/10/22,Botanic Gardens,17,9,N,Worker,N,117,0.85,0.21,0.1,45,2,0,21,45,0,0
9/8/22,8/29/22,8/10/22,Botanic Gardens,17,9,N,Worker,N,118,0.8,0.16,0.08,45,2,0,21,45,0,0
9/8/22,8/29/22,8/10/22,Botanic Gardens,17,9,N,Worker,N,119,0.82,0.16,0.11,45,2,0,21,45,0,0
9/8/22,8/29/22,8/10/22,Botanic Gardens,17,9,N,Worker,N,120,0.78,0.17,0.1,45,2,0,21,45,0,0
9/8/22,8/29/22,8/10/22,Botanic Gardens,17,9,N,Worker,N,121,0.82,0.2,0.1,45,2,0,21,45,0,0
9/8/22,8/29/22,8/10/22,Botanic Gardens,17,9,N,Worker,N,122,0.88,0.18,0.09,45,2,0,21,45,0,0
9/8/22,8/29/22,8/10/22,Botanic Gardens,17,9,N,Worker,N,123,0.81,0.15,0.09,45,2,0,21,45,0,0
9/8/22,8/29/22,8/10/22,Botanic Gardens,17,9,N,Worker,N,124,0.81,0.19,0.09,45,2,0,21,45,0,0
9/8/22,8/29/22,8/10/22,Botanic Gardens,17,9,N,Worker,N,125,0.83,0.16,0.09,45,2,0,21,45,0,0
9/8/22,8/29/22,8/10/22,Botanic Gardens,17,9,N,Worker,N,126,0.84,0.19,0.09,45,2,0,21,45,0,0
9/8/22,8/29/22,8/10/22,Botanic Gardens,17,9,N,Worker,N,127,0.84,0.22,0.09,45,2,0,21,45,0,0
9/8/22,8/29/22,8/10/22,Botanic Gardens,17,9,N,Queen,DQ,128,1.16,0.19,0.06,45,2,0,21,45,0,0
9/8/22,8/29/22,8/10/22,Botanic Gardens,17,9,N,Queen,DQ,129,1.19,0.21,0.12,45,2,0,21,45,0,0
9/8/22,8/29/22,8/10/22,Botanic Gardens,17,9,N,Worker,F,130,0.84,0.22,0.15,45,2,0,21,45,0,0
9/8/22,8/29/22,8/10/22,Botanic Gardens,17,9,N,Worker,F,131,0.87,0.24,0.12,45,2,0,21,45,0,0
9/8/22,8/29/22,8/10/22,Botanic Gardens,17,9,N,Worker,F,132,0.78,0.24,0.13,45,2,0,21,45,0,0
9/8/22,8/29/22,8/10/22,Botanic Gardens,17,9,N,Worker,F,133,0.79,0.21,0.14,45,2,0,21,45,0,0
9/8/22,8/29/22,8/10/22,Botanic Gardens,17,9,N,Worker,X,134,0.84,0.22,0.08,45,2,0,21,45,0,0
9/8/22,8/29/22,8/10/22,Botanic Gardens,17,9,N,Worker,X,135,0.81,0.18,0.11,45,2,0,21,45,0,0
9/8/22,8/29/22,8/10/22,Botanic Gardens,17,9,N,Worker,X,136,0.85,0.22,0.11,45,2,0,21,45,0,0
9/8/22,8/29/22,8/10/22,Botanic Gardens,17,9,N,Worker,X,137,0.85,0.21,0.11,45,2,0,21,45,0,0
9/8/22,8/29/22,8/10/22,Botanic Gardens,17,9,N,Worker,X,138,0.83,0.19,0.14,45,2,0,21,45,0,0
9/8/22,8/29/22,8/10/22,Botanic Gardens,17,9,N,Worker,X,139,0.78,0.24,0.09,45,2,0,21,45,0,0
9/8/22,8/29/22,8/10/22,Botanic Gardens,17,9,N,Worker,X,140,0.83,0.19,0.1,45,2,0,21,45,0,0
9/8/22,8/29/22,8/10/22,Botanic Gardens,17,9,N,Worker,X,141,0.78,0.2,0.1,45,2,0,21,45,0,0
9/8/22,8/29/22,8/10/22,Botanic Gardens,17,9,N,Worker,X,142,0.84,0.21,0.11,45,2,0,21,45,0,0
9/8/22,8/29/22,8/10/22,Botanic Gardens,17,9,N,Worker,X,143,0.86,0.23,0.14,45,2,0,21,45,0,0
9/8/22,8/29/22,8/10/22,Botanic Gardens,17,9,N,Worker,X,144,0.8,0.16,0.09,45,2,0,21,45,0,0
9/8/22,8/29/22,8/10/22,Botanic Gardens,17,9,N,Worker,X,145,0.85,0.2,0.06,45,2,0,21,45,0,0
9/8/22,8/29/22,8/10/22,Botanic Gardens,17,9,N,Worker,X,146,0.82,0.2,0.07,45,2,0,21,45,0,0
9/8/22,8/29/22,8/10/22,Botanic Gardens,17,9,N,Worker,X,147,0.86,0.19,0.11,45,2,0,21,45,0,0
9/8/22,8/29/22,8/10/22,Botanic Gardens,17,9,N,Worker,X,148,0.86,0.21,0.12,45,2,0,21,45,0,0
9/8/22,8/29/22,8/10/22,Botanic Gardens,17,9,N,Worker,X,149,0.78,0.21,0.11,45,2,0,21,45,0,0
9/8/22,8/29/22,8/10/22,Botanic Gardens,17,9,N,Worker,X,150,0.83,0.14,0.1,45,2,0,21,45,0,0
9/8/22,8/29/22,8/10/22,Botanic Gardens,17,9,N,Worker,X,151,0.84,0.11,0.05,45,2,0,21,45,0,0
9/8/22,8/29/22,8/10/22,Botanic Gardens,17,9,N,Worker,X,152,0.9,0.2,0.11,45,2,0,21,45,0,0
9/8/22,8/29/22,8/10/22,Botanic Gardens,17,9,N,Worker,X,153,0.83,0.18,0.09,45,2,0,21,45,0,0
9/8/22,8/29/22,8/10/22,Botanic Gardens,17,9,N,Worker,X,154,0.82,0.21,0.1,45,2,0,21,45,0,0
9/8/22,8/29/22,8/10/22,Botanic Gardens,17,9,N,Worker,X,155,0.89,0.23,0.09,45,2,0,21,45,0,0
9/8/22,8/29/22,8/10/22,Botanic Gardens,17,9,N,Worker,X,156,0.82,0.24,0.11,45,2,0,21,45,0,0
9/8/22,8/29/22,8/10/22,Botanic Gardens,17,9,N,Worker,X,157,0.86,0.16,0.06,45,2,0,21,45,0,0
9/8/22,8/29/22,8/10/22,Botanic Gardens,18,9,Y,Worker,N,158,0.83,0.18,0.11,43,2,0,32,45,0,0
9/8/22,8/29/22,8/10/22,Botanic Gardens,18,9,Y,Worker,N,159,0.81,0.2,0.09,43,2,0,32,45,0,0
9/8/22,8/29/22,8/10/22,Botanic Gardens,18,9,Y,Worker,N,160,0.84,0.15,0.08,43,2,0,32,45,0,0
9/8/22,8/29/22,8/10/22,Botanic Gardens,18,9,Y,Worker,N,161,0.82,0.22,0.1,43,2,0,32,45,0,0
9/8/22,8/29/22,8/10/22,Botanic Gardens,18,9,Y,Worker,N,162,0.9,0.21,0.11,43,2,0,32,45,0,0
9/8/22,8/29/22,8/10/22,Botanic Gardens,18,9,Y,Worker,N,163,0.85,0.21,0.14,43,2,0,32,45,0,0
9/8/22,8/29/22,8/10/22,Botanic Gardens,18,9,Y,Worker,N,164,0.83,0.22,0.12,43,2,0,32,45,0,0
9/8/22,8/29/22,8/10/22,Botanic Gardens,18,9,Y,Worker,N,165,0.82,0.19,0.1,43,2,0,32,45,0,0
9/8/22,8/29/22,8/10/22,Botanic Gardens,18,9,Y,Worker,N,166,0.85,0.25,0.11,43,2,0,32,45,0,0
9/8/22,8/29/22,8/10/22,Botanic Gardens,18,9,Y,Queen,DQ,167,1.15,0.22,0.12,43,2,0,32,45,0,0
9/8/22,8/29/22,8/10/22,Botanic Gardens,18,9,Y,Queen,DQ,168,1.19,0.21,0.13,43,2,0,32,45,0,0
9/8/22,8/29/22,8/10/22,Botanic Gardens,18,9,Y,Worker,F,169,0.85,0.15,0.08,43,2,0,32,45,0,0
9/8/22,8/29/22,8/10/22,Botanic Gardens,18,9,Y,Worker,F,170,0.82,0.22,0.13,43,2,0,32,45,0,0
9/8/22,8/29/22,8/10/22,Botanic Gardens,18,9,Y,Worker,F,171,0.82,0.23,0.14,43,2,0,32,45,0,0
9/8/22,8/29/22,8/10/22,Botanic Gardens,18,9,Y,Worker,F,172,0.84,0.21,0.13,43,2,0,32,45,0,0
9/8/22,8/29/22,8/10/22,Botanic Gardens,18,9,Y,Worker,F,173,0.85,0.25,0.14,43,2,0,32,45,0,0
9/8/22,8/29/22,8/10/22,Botanic Gardens,18,9,Y,Worker,X,174,0.79,0.17,0.11,43,2,0,32,45,0,0
9/8/22,8/29/22,8/10/22,Botanic Gardens,18,9,Y,Worker,X,175,0.82,0.23,0.06,43,2,0,32,45,0,0
9/8/22,8/29/22,8/10/22,Botanic Gardens,18,9,Y,Worker,X,176,0.88,0.26,0.12,43,2,0,32,45,0,0
9/8/22,8/29/22,8/10/22,Botanic Gardens,18,9,Y,Worker,X,177,0.82,0.22,0.1,43,2,0,32,45,0,0
9/8/22,8/29/22,8/10/22,Botanic Gardens,18,9,Y,Worker,X,178,0.82,0.21,0.11,43,2,0,32,45,0,0
9/8/22,8/29/22,8/10/22,Botanic Gardens,18,9,Y,Worker,X,179,0.86,0.25,0.08,43,2,0,32,45,0,0
9/8/22,8/29/22,8/10/22,Botanic Gardens,18,9,Y,Worker,X,180,0.87,0.23,0.11,43,2,0,32,45,0,0
9/8/22,8/29/22,8/10/22,Botanic Gardens,18,9,Y,Worker,X,181,0.85,0.2,0.08,43,2,0,32,45,0,0
9/8/22,8/29/22,8/10/22,Botanic Gardens,18,9,Y,Worker,X,182,0.87,0.2,0.13,43,2,0,32,45,0,0
9/8/22,8/29/22,8/10/22,Botanic Gardens,18,9,Y,Worker,X,183,0.82,0.21,0.09,43,2,0,32,45,0,0
9/8/22,8/29/22,8/10/22,Botanic Gardens,18,9,Y,Worker,X,184,0.87,0.21,0.13,43,2,0,32,45,0,0
9/8/22,8/29/22,8/10/22,Botanic Gardens,18,9,Y,Worker,X,185,0.82,0.19,0.08,43,2,0,32,45,0,0
9/8/22,8/29/22,8/10/22,Botanic Gardens,18,9,Y,Worker,X,186,0.81,0.21,0.12,43,2,0,32,45,0,0
9/8/22,8/29/22,8/10/22,Botanic Gardens,18,9,Y,Worker,X,187,0.82,0.21,0.09,43,2,0,32,45,0,0
9/8/22,8/29/22,8/10/22,Botanic Gardens,18,9,Y,Worker,X,188,0.8,0.18,0.08,43,2,0,32,45,0,0
9/8/22,8/29/22,8/10/22,Botanic Gardens,18,9,Y,Worker,X,189,0.78,0.19,0.1,43,2,0,32,45,0,0
9/8/22,8/29/22,8/10/22,Botanic Gardens,18,9,Y,Worker,X,190,0.86,0.24,0.11,43,2,0,32,45,0,0
9/8/22,8/29/22,8/10/22,Botanic Gardens,18,9,Y,Worker,X,191,0.77,0.19,0.1,43,2,0,32,45,0,0
9/8/22,8/29/22,8/10/22,Botanic Gardens,18,9,Y,Worker,X,192,0.84,0.23,0.1,43,2,0,32,45,0,0
9/9/22,9/2/22,8/10/22,Botanic Gardens,19,10,Y,Worker,N,193,0.79,0.17,0.11,28,0,0,6,50,0,0
9/9/22,9/2/22,8/10/22,Botanic Gardens,19,10,Y,Worker,N,194,0.86,0.22,0.1,28,0,0,6,50,0,0
9/9/22,9/2/22,8/10/22,Botanic Gardens,19,10,Y,Worker,N,195,0.8,0.16,0.09,28,0,0,6,50,0,0
9/9/22,9/2/22,8/10/22,Botanic Gardens,19,10,Y,Worker,N,196,0.84,0.2,0.08,28,0,0,6,50,0,0
9/9/22,9/2/22,8/10/22,Botanic Gardens,19,10,Y,Worker,N,197,0.83,0.18,0.14,28,0,0,6,50,0,0
9/9/22,9/2/22,8/10/22,Botanic Gardens,19,10,Y,Worker,F,198,0.88,0.22,0.11,28,0,0,6,50,0,0
9/9/22,9/2/22,8/10/22,Botanic Gardens,19,10,Y,Worker,F,199,0.77,0.22,0.1,28,0,0,6,50,0,0
9/9/22,9/2/22,8/10/22,Botanic Gardens,19,10,Y,Worker,F,200,0.83,0.23,0.13,28,0,0,6,50,0,0
9/9/22,9/2/22,8/10/22,Botanic Gardens,19,10,Y,Worker,X,201,0.76,0.19,0.11,28,0,0,6,50,0,0
9/9/22,9/2/22,8/10/22,Botanic Gardens,19,10,Y,Worker,X,202,0.71,0.16,0.11,28,0,0,6,50,0,0
9/9/22,9/2/22,8/10/22,Botanic Gardens,19,10,Y,Worker,X,203,0.76,0.17,0.09,28,0,0,6,50,0,0
9/9/22,9/2/22,8/10/22,Botanic Gardens,19,10,Y,Worker,X,204,0.77,0.23,0.07,28,0,0,6,50,0,0
9/9/22,9/2/22,8/10/22,Botanic Gardens,19,10,Y,Worker,X,205,0.77,0.22,0.13,28,0,0,6,50,0,0
9/9/22,9/2/22,8/10/22,Botanic Gardens,19,10,Y,Worker,X,206,0.77,0.16,0.09,28,0,0,6,50,0,0
9/9/22,9/2/22,8/10/22,Botanic Gardens,19,10,Y,Worker,X,207,0.79,0.2,0.12,28,0,0,6,50,0,0
9/9/22,9/2/22,8/10/22,Botanic Gardens,19,10,Y,Worker,X,208,0.77,0.17,0.11,28,0,0,6,50,0,0
9/9/22,9/2/22,8/10/22,Botanic Gardens,19,10,Y,Worker,X,209,0.81,0.18,0.1,28,0,0,6,50,0,0
9/9/22,9/2/22,8/10/22,Botanic Gardens,19,10,Y,Worker,X,210,0.78,0.15,0.08,28,0,0,6,50,0,0
9/9/22,9/2/22,8/10/22,Botanic Gardens,19,10,Y,Worker,X,211,0.77,0.14,0.08,28,0,0,6,50,0,0
9/9/22,9/2/22,8/10/22,Botanic Gardens,19,10,Y,Worker,X,212,0.81,0.25,0.09,28,0,0,6,50,0,0
9/9/22,9/2/22,8/10/22,Botanic Gardens,19,10,Y,Worker,X,213,0.82,0.17,0.09,28,0,0,6,50,0,0
9/9/22,9/2/22,8/10/22,Botanic Gardens,19,10,Y,Worker,X,214,0.85,0.22,0.12,28,0,0,6,50,0,0
9/9/22,9/2/22,8/10/22,Botanic Gardens,20,10,N,Worker,F,215,0.75,0.17,0.1,35,0,0,11,70,0,0
9/9/22,9/2/22,8/10/22,Botanic Gardens,20,10,N,Worker,F,216,0.79,0.21,0.11,35,0,0,11,70,0,0
9/9/22,9/2/22,8/10/22,Botanic Gardens,20,10,N,Worker,N,217,0.83,0.21,0.11,35,0,0,11,70,0,0
9/9/22,9/2/22,8/10/22,Botanic Gardens,20,10,N,Worker,N,218,0.79,0.19,0.1,35,0,0,11,70,0,0
9/9/22,9/2/22,8/10/22,Botanic Gardens,20,10,N,Worker,N,219,0.78,0.22,0.09,35,0,0,11,70,0,0
9/9/22,9/2/22,8/10/22,Botanic Gardens,20,10,N,Worker,N,220,0.8,0.2,0.09,35,0,0,11,70,0,0
9/9/22,9/2/22,8/10/22,Botanic Gardens,20,10,N,Worker,N,221,0.8,0.19,0.08,35,0,0,11,70,0,0
9/9/22,9/2/22,8/10/22,Botanic Gardens,20,10,N,Worker,N,222,0.72,0.16,0.1,35,0,0,11,70,0,0
9/9/22,9/2/22,8/10/22,Botanic Gardens,20,10,N,Worker,N,223,0.8,0.2,0.12,35,0,0,11,70,0,0
9/9/22,9/2/22,8/10/22,Botanic Gardens,20,10,N,Worker,N,224,0.81,0.22,0.13,35,0,0,11,70,0,0
9/9/22,9/2/22,8/10/22,Botanic Gardens,20,10,N,Worker,N,225,0.77,0.15,0.08,35,0,0,11,70,0,0
9/9/22,9/2/22,8/10/22,Botanic Gardens,20,10,N,Worker,X,226,0.8,0.21,0.11,35,0,0,11,70,0,0
9/9/22,9/2/22,8/10/22,Botanic Gardens,20,10,N,Worker,X,227,0.74,0.18,0.1,35,0,0,11,70,0,0
9/9/22,9/2/22,8/10/22,Botanic Gardens,20,10,N,Worker,X,228,0.77,0.16,0.1,35,0,0,11,70,0,0
9/9/22,9/2/22,8/10/22,Botanic Gardens,20,10,N,Worker,X,229,0.81,0.18,0.1,35,0,0,11,70,0,0
9/9/22,9/2/22,8/10/22,Botanic Gardens,20,10,N,Worker,X,230,0.84,0.18,0.1,35,0,0,11,70,0,0
9/9/22,9/2/22,8/10/22,Botanic Gardens,20,10,N,Worker,X,231,0.76,0.21,0.09,35,0,0,11,70,0,0
9/9/22,9/2/22,8/10/22,Botanic Gardens,20,10,N,Worker,X,232,0.74,0.22,0.13,35,0,0,11,70,0,0
9/9/22,9/2/22,8/10/22,Botanic Gardens,20,10,N,Worker,X,233,0.77,0.22,0.12,35,0,0,11,70,0,0
9/16/22,9/10/22,8/22/22,Botanic Gardens,37,19,N,Worker,N,234,0.7,0.18,0.1,48,0,0,10,0,0,0
9/16/22,9/10/22,8/22/22,Botanic Gardens,37,19,N,Worker,N,235,0.76,0.22,0.09,48,0,0,10,0,0,0
9/16/22,9/10/22,8/22/22,Botanic Gardens,37,19,N,Worker,N,236,0.73,0.14,0.09,48,0,0,10,0,0,0
9/16/22,9/10/22,8/22/22,Botanic Gardens,37,19,N,Worker,N,237,0.88,0.17,0.1,48,0,0,10,0,0,0
9/16/22,9/10/22,8/22/22,Botanic Gardens,37,19,N,Worker,N,238,0.78,0.17,0.11,48,0,0,10,0,0,0
9/16/22,9/10/22,8/22/22,Botanic Gardens,37,19,N,Worker,N,239,0.79,0.16,0.09,48,0,0,10,0,0,0
9/16/22,9/10/22,8/22/22,Botanic Gardens,37,19,N,Worker,F,240,0.74,0.19,0.06,48,0,0,10,0,0,0
9/16/22,9/10/22,8/22/22,Botanic Gardens,37,19,N,Worker,F,241,0.81,0.19,0.13,48,0,0,10,0,0,0
9/16/22,9/10/22,8/22/22,Botanic Gardens,37,19,N,Worker,X,242,0.76,0.18,0.1,48,0,0,10,0,0,0
9/16/22,9/10/22,8/22/22,Botanic Gardens,37,19,N,Worker,X,243,0.77,0.18,0.1,48,0,0,10,0,0,0
9/16/22,9/10/22,8/22/22,Botanic Gardens,37,19,N,Worker,X,244,0.77,0.18,0.09,48,0,0,10,0,0,0
9/16/22,9/10/22,8/22/22,Botanic Gardens,37,19,N,Worker,X,245,0.73,0.18,0.08,48,0,0,10,0,0,0
9/16/22,9/10/22,8/22/22,Botanic Gardens,37,19,N,Worker,X,246,0.73,0.15,0.07,48,0,0,10,0,0,0
9/16/22,9/10/22,8/22/22,Botanic Gardens,37,19,N,Worker,X,247,0.74,0.18,0.12,48,0,0,10,0,0,0
9/16/22,9/10/22,8/22/22,Botanic Gardens,37,19,N,Worker,X,248,0.81,0.16,0.1,48,0,0,10,0,0,0
9/16/22,9/10/22,8/22/22,Botanic Gardens,37,19,N,Worker,X,249,0.72,0.1,0.05,48,0,0,10,0,0,0
9/16/22,9/10/22,8/22/22,Botanic Gardens,37,19,N,Worker,X,250,0.79,0.21,0.1,48,0,0,10,0,0,0
9/16/22,9/10/22,8/22/22,Botanic Gardens,37,19,N,Worker,X,251,0.78,0.2,0.13,48,0,0,10,0,0,0
9/16/22,9/10/22,8/22/22,Botanic Gardens,37,19,N,Worker,X,252,0.82,0.17,0.09,48,0,0,10,0,0,0
9/16/22,9/10/22,8/22/22,Botanic Gardens,37,19,N,Worker,X,253,0.77,0.18,0.1,48,0,0,10,0,0,0
9/16/22,9/10/22,8/22/22,Botanic Gardens,37,19,N,Worker,X,254,0.83,0.18,0.1,48,0,0,10,0,0,0
9/16/22,9/10/22,8/22/22,Botanic Gardens,37,19,N,Worker,X,255,0.78,0.16,0.09,48,0,0,10,0,0,0
9/16/22,9/10/22,8/22/22,Botanic Gardens,37,19,N,Worker,X,256,0.75,0.17,0.11,48,0,0,10,0,0,0
9/16/22,9/10/22,8/22/22,Botanic Gardens,37,19,N,Worker,X,257,0.8,0.15,0.1,48,0,0,10,0,0,0
9/16/22,9/10/22,8/22/22,Botanic Gardens,37,19,N,Worker,X,258,0.71,0.19,0.12,48,0,0,10,0,0,0
9/16/22,9/10/22,8/22/22,Botanic Gardens,37,19,N,Worker,X,259,0.82,0.19,0.13,48,0,0,10,0,0,0
9/16/22,9/10/22,8/22/22,Botanic Gardens,37,19,N,Worker,X,260,0.79,0.22,0.11,48,0,0,10,0,0,0
9/16/22,9/10/22,8/22/22,Botanic Gardens,37,19,N,Worker,X,261,0.78,0.2,0.1,48,0,0,10,0,0,0
9/16/22,9/10/22,8/22/22,Botanic Gardens,37,19,N,Worker,X,262,0.69,0.2,0.11,48,0,0,10,0,0,0
9/16/22,9/10/22,8/22/22,Botanic Gardens,37,19,N,Worker,X,263,0.8,0.2,0.14,48,0,0,10,0,0,0
9/16/22,9/10/22,8/22/22,Botanic Gardens,37,19,N,Worker,X,264,0.7,0.17,0.09,48,0,0,10,0,0,0
9/16/22,9/10/22,8/22/22,Botanic Gardens,37,19,N,Worker,X,265,0.83,0.19,0.11,48,0,0,10,0,0,0
9/16/22,9/10/22,8/22/22,Botanic Gardens,37,19,N,Worker,X,266,0.65,0.15,0.07,48,0,0,10,0,0,0
9/16/22,9/10/22,8/22/22,Botanic Gardens,37,19,N,Worker,X,267,0.74,0.13,0.11,48,0,0,10,0,0,0
9/16/22,9/10/22,8/22/22,Botanic Gardens,37,19,N,Worker,X,268,0.71,0.14,0.07,48,0,0,10,0,0,0
9/16/22,9/10/22,8/22/22,Botanic Gardens,37,19,N,Worker,X,269,0.73,0.17,0.1,48,0,0,10,0,0,0
9/16/22,9/10/22,8/22/22,Botanic Gardens,37,19,N,Worker,X,270,0.85,0.18,0.12,48,0,0,10,0,0,0
9/16/22,9/10/22,8/22/22,Botanic Gardens,37,19,N,Worker,X,271,0.74,0.17,0.11,48,0,0,10,0,0,0
9/16/22,9/10/22,8/22/22,Botanic Gardens,37,19,N,Worker,X,272,0.7,0.18,0.09,48,0,0,10,0,0,0
9/16/22,9/10/22,8/22/22,Botanic Gardens,38,19,Y,Worker,N,273,0.77,0.21,0.1,40,0,0,5,0,0,0
9/16/22,9/10/22,8/22/22,Botanic Gardens,38,19,Y,Worker,N,274,0.82,0.25,0.13,40,0,0,5,0,0,0
9/16/22,9/10/22,8/22/22,Botanic Gardens,38,19,Y,Worker,N,275,0.83,0.2,0.11,40,0,0,5,0,0,0
9/16/22,9/10/22,8/22/22,Botanic Gardens,38,19,Y,Worker,N,276,0.77,0.16,0.09,40,0,0,5,0,0,0
9/16/22,9/10/22,8/22/22,Botanic Gardens,38,19,Y,Worker,N,277,0.74,0.14,0.07,40,0,0,5,0,0,0
9/16/22,9/10/22,8/22/22,Botanic Gardens,38,19,Y,Worker,F,278,0.84,0.22,0.14,40,0,0,5,0,0,0
9/16/22,9/10/22,8/22/22,Botanic Gardens,38,19,Y,Worker,F,279,0.73,0.17,0.11,40,0,0,5,0,0,0
9/16/22,9/10/22,8/22/22,Botanic Gardens,38,19,Y,Worker,F,280,0.82,0.18,0.11,40,0,0,5,0,0,0
9/16/22,9/10/22,8/22/22,Botanic Gardens,38,19,Y,Worker,X,281,0.78,0.18,0.12,40,0,0,5,0,0,0
9/16/22,9/10/22,8/22/22,Botanic Gardens,38,19,Y,Worker,X,282,0.81,0.23,0.11,40,0,0,5,0,0,0
9/16/22,9/10/22,8/22/22,Botanic Gardens,38,19,Y,Worker,X,283,0.78,0.19,0.11,40,0,0,5,0,0,0
9/16/22,9/10/22,8/22/22,Botanic Gardens,38,19,Y,Worker,X,284,0.75,0.19,0.1,40,0,0,5,0,0,0
9/16/22,9/10/22,8/22/22,Botanic Gardens,38,19,Y,Worker,X,285,0.82,0.18,0.11,40,0,0,5,0,0,0
9/16/22,9/10/22,8/22/22,Botanic Gardens,38,19,Y,Worker,X,286,0.78,0.18,0.1,40,0,0,5,0,0,0
9/16/22,9/10/22,8/22/22,Botanic Gardens,38,19,Y,Worker,X,287,0.77,0.19,0.11,40,0,0,5,0,0,0
9/16/22,9/10/22,8/22/22,Botanic Gardens,38,19,Y,Worker,X,288,0.83,0.2,0.11,40,0,0,5,0,0,0
9/16/22,9/10/22,8/22/22,Botanic Gardens,38,19,Y,Worker,X,289,0.68,0.19,0.08,40,0,0,5,0,0,0
9/16/22,9/10/22,8/22/22,Botanic Gardens,38,19,Y,Worker,X,290,0.73,0.17,0.11,40,0,0,5,0,0,0
9/16/22,9/10/22,8/22/22,Botanic Gardens,38,19,Y,Worker,X,291,0.75,0.21,0.1,40,0,0,5,0,0,0
9/16/22,9/10/22,8/22/22,Botanic Gardens,38,19,Y,Worker,X,292,0.72,0.12,0.1,40,0,0,5,0,0,0
9/16/22,9/10/22,8/22/22,Botanic Gardens,38,19,Y,Worker,X,293,0.76,0.2,0.08,40,0,0,5,0,0,0
9/16/22,9/10/22,8/22/22,Botanic Gardens,38,19,Y,Worker,X,294,0.8,0.15,0.08,40,0,0,5,0,0,0
9/16/22,9/10/22,8/22/22,Botanic Gardens,38,19,Y,Worker,X,295,0.8,0.22,0.13,40,0,0,5,0,0,0
9/16/22,9/10/22,8/22/22,Botanic Gardens,38,19,Y,Worker,X,296,0.78,0.2,0.11,40,0,0,5,0,0,0
9/16/22,9/10/22,8/22/22,Botanic Gardens,38,19,Y,Worker,X,297,0.76,0.19,0.11,40,0,0,5,0,0,0
9/16/22,9/10/22,8/22/22,Botanic Gardens,38,19,Y,Worker,X,298,0.78,0.22,0.14,40,0,0,5,0,0,0
9/16/22,9/10/22,8/22/22,Botanic Gardens,38,19,Y,Worker,X,299,0.76,0.16,0.1,40,0,0,5,0,0,0
9/16/22,9/10/22,8/22/22,Botanic Gardens,38,19,Y,Worker,X,300,0.76,0.18,0.12,40,0,0,5,0,0,0
9/16/22,9/10/22,8/22/22,Botanic Gardens,38,19,Y,Worker,X,301,0.72,0.19,0.12,40,0,0,5,0,0,0
9/16/22,9/10/22,8/22/22,Botanic Gardens,38,19,Y,Worker,X,302,0.77,0.19,0.12,40,0,0,5,0,0,0
9/16/22,9/10/22,8/22/22,Botanic Gardens,38,19,Y,Worker,X,303,0.73,0.22,0.15,40,0,0,5,0,0,0
9/16/22,9/10/22,8/22/22,Botanic Gardens,38,19,Y,Worker,X,304,0.79,0.17,0.14,40,0,0,5,0,0,0
9/16/22,9/10/22,8/22/22,Botanic Gardens,38,19,Y,Worker,X,305,0.79,0.18,0.09,40,0,0,5,0,0,0
9/16/22,9/10/22,8/22/22,Botanic Gardens,38,19,Y,Worker,X,306,0.76,0.21,0.11,40,0,0,5,0,0,0
9/16/22,9/10/22,8/22/22,Botanic Gardens,38,19,Y,Worker,X,307,0.77,0.21,0.08,40,0,0,5,0,0,0
9/16/22,9/10/22,8/22/22,Botanic Gardens,38,19,Y,Worker,X,308,0.78,0.18,0.08,40,0,0,5,0,0,0
9/16/22,9/10/22,8/22/22,Botanic Gardens,38,19,Y,Worker,X,309,0.74,0.21,0.11,40,0,0,5,0,0,0
9/16/22,9/2/22,8/10/22,Botanic Gardens,21,11,Y,Worker,N,310,0.79,0.22,0.07,31,1,0,27,10,0,0
9/16/22,9/2/22,8/10/22,Botanic Gardens,21,11,Y,Worker,N,311,0.82,0.22,0.1,31,1,0,27,10,0,0
9/16/22,9/2/22,8/10/22,Botanic Gardens,21,11,Y,Worker,N,312,0.86,0.21,0.14,31,1,0,27,10,0,0
9/16/22,9/2/22,8/10/22,Botanic Gardens,21,11,Y,Worker,N,313,0.81,0.17,0.07,31,1,0,27,10,0,0
9/16/22,9/2/22,8/10/22,Botanic Gardens,21,11,Y,Worker,N,314,0.79,0.18,0.1,31,1,0,27,10,0,0
9/16/22,9/2/22,8/10/22,Botanic Gardens,21,11,Y,Worker,N,315,0.86,0.2,0.11,31,1,0,27,10,0,0
9/16/22,9/2/22,8/10/22,Botanic Gardens,21,11,Y,Worker,N,316,0.89,0.16,0.09,31,1,0,27,10,0,0
9/16/22,9/2/22,8/10/22,Botanic Gardens,21,11,Y,Worker,N,317,0.85,0.17,0.09,31,1,0,27,10,0,0
9/16/22,9/2/22,8/10/22,Botanic Gardens,21,11,Y,Worker,N,318,0.83,0.18,0.11,31,1,0,27,10,0,0
9/16/22,9/2/22,8/10/22,Botanic Gardens,21,11,Y,Worker,N,319,0.76,0.19,0.07,31,1,0,27,10,0,0
9/16/22,9/2/22,8/10/22,Botanic Gardens,21,11,Y,Worker,N,320,0.8,0.2,0.06,31,1,0,27,10,0,0
9/16/22,9/2/22,8/10/22,Botanic Gardens,21,11,Y,Queen,DQ,321,1.22,0.24,0.12,31,1,0,27,10,0,0
9/16/22,9/2/22,8/10/22,Botanic Gardens,21,11,Y,Worker,F,322,0.81,0.26,0.13,31,1,0,27,10,0,0
9/16/22,9/2/22,8/10/22,Botanic Gardens,21,11,Y,Worker,X,323,0.85,0.21,0.08,31,1,0,27,10,0,0
9/16/22,9/2/22,8/10/22,Botanic Gardens,21,11,Y,Worker,X,324,0.9,0.2,0.11,31,1,0,27,10,0,0
9/16/22,9/2/22,8/10/22,Botanic Gardens,21,11,Y,Worker,X,325,0.78,0.22,0.12,31,1,0,27,10,0,0
9/16/22,9/2/22,8/10/22,Botanic Gardens,21,11,Y,Worker,X,326,0.77,0.18,0.09,31,1,0,27,10,0,0
9/16/22,9/2/22,8/10/22,Botanic Gardens,21,11,Y,Worker,X,327,0.79,0.16,0.08,31,1,0,27,10,0,0
9/16/22,9/2/22,8/10/22,Botanic Gardens,21,11,Y,Worker,X,328,0.83,0.19,0.09,31,1,0,27,10,0,0
9/16/22,9/2/22,8/10/22,Botanic Gardens,21,11,Y,Worker,X,329,0.8,0.19,0.1,31,1,0,27,10,0,0
9/16/22,9/2/22,8/10/22,Botanic Gardens,21,11,Y,Worker,X,330,0.84,0.24,0.12,31,1,0,27,10,0,0
9/16/22,9/2/22,8/10/22,Botanic Gardens,21,11,Y,Worker,X,331,0.81,0.21,0.12,31,1,0,27,10,0,0
9/16/22,9/2/22,8/10/22,Botanic Gardens,21,11,Y,Worker,X,332,0.86,0.21,0.14,31,1,0,27,10,0,0
9/16/22,9/2/22,8/10/22,Botanic Gardens,21,11,Y,Worker,X,333,0.83,0.18,0.09,31,1,0,27,10,0,0
9/16/22,9/2/22,8/10/22,Botanic Gardens,21,11,Y,Worker,X,334,0.84,0.21,0.1,31,1,0,27,10,0,0
9/16/22,9/2/22,8/10/22,Botanic Gardens,21,11,Y,Worker,X,335,0.82,0.25,0.06,31,1,0,27,10,0,0
9/16/22,9/2/22,8/10/22,Botanic Gardens,22,11,N,Worker,N,336,0.76,0.21,0.08,28,1,0,30,10,0,0
9/16/22,9/2/22,8/10/22,Botanic Gardens,22,11,N,Worker,N,337,0.8,0.18,0.08,28,1,0,30,10,0,0
9/16/22,9/2/22,8/10/22,Botanic Gardens,22,11,N,Worker,N,338,0.92,0.25,0.08,28,1,0,30,10,0,0
9/16/22,9/2/22,8/10/22,Botanic Gardens,22,11,N,Worker,N,339,0.79,0.19,0.11,28,1,0,30,10,0,0
9/16/22,9/2/22,8/10/22,Botanic Gardens,22,11,N,Worker,N,340,0.78,0.21,0.09,28,1,0,30,10,0,0
9/16/22,9/2/22,8/10/22,Botanic Gardens,22,11,N,Worker,N,341,0.82,0.16,0.11,28,1,0,30,10,0,0
9/16/22,9/2/22,8/10/22,Botanic Gardens,22,11,N,Worker,N,342,0.81,0.19,0.11,28,1,0,30,10,0,0
9/16/22,9/2/22,8/10/22,Botanic Gardens,22,11,N,Worker,N,343,0.81,0.12,0.07,28,1,0,30,10,0,0
9/16/22,9/2/22,8/10/22,Botanic Gardens,22,11,N,Worker,N,344,0.83,0.24,0.07,28,1,0,30,10,0,0
9/16/22,9/2/22,8/10/22,Botanic Gardens,22,11,N,Worker,N,345,0.77,0.22,0.09,28,1,0,30,10,0,0
9/16/22,9/2/22,8/10/22,Botanic Gardens,22,11,N,Worker,N,346,0.83,0.21,0.12,28,1,0,30,10,0,0
9/16/22,9/2/22,8/10/22,Botanic Gardens,22,11,N,Worker,N,347,0.86,0.22,0.12,28,1,0,30,10,0,0
9/16/22,9/2/22,8/10/22,Botanic Gardens,22,11,N,Worker,F,348,0.85,0.21,0.14,28,1,0,30,10,0,0
9/16/22,9/2/22,8/10/22,Botanic Gardens,22,11,N,Worker,F,349,0.76,0.14,0.11,28,1,0,30,10,0,0
9/16/22,9/2/22,8/10/22,Botanic Gardens,22,11,N,Worker,X,350,0.79,0.18,0.07,28,1,0,30,10,0,0
9/16/22,9/2/22,8/10/22,Botanic Gardens,22,11,N,Worker,X,351,0.84,0.19,0.07,28,1,0,30,10,0,0
9/16/22,9/2/22,8/10/22,Botanic Gardens,22,11,N,Worker,X,352,0.82,0.25,0.07,28,1,0,30,10,0,0
9/16/22,9/2/22,8/10/22,Botanic Gardens,22,11,N,Worker,X,353,0.86,0.19,0.12,28,1,0,30,10,0,0
9/16/22,9/2/22,8/10/22,Botanic Gardens,22,11,N,Worker,X,354,0.84,0.19,0.13,28,1,0,30,10,0,0
9/16/22,9/2/22,8/10/22,Botanic Gardens,22,11,N,Worker,X,355,0.8,0.19,0.12,28,1,0,30,10,0,0
9/16/22,9/2/22,8/10/22,Botanic Gardens,22,11,N,Worker,X,356,0.79,0.2,0.12,28,1,0,30,10,0,0
9/16/22,9/2/22,8/10/22,Botanic Gardens,22,11,N,Worker,X,357,0.77,0.16,0.1,28,1,0,30,10,0,0
9/16/22,9/2/22,8/10/22,Botanic Gardens,22,11,N,Worker,X,358,0.73,0.17,0.1,28,1,0,30,10,0,0
9/16/22,9/2/22,8/10/22,Botanic Gardens,22,11,N,Queen,DQ,359,1.22,0.13,0.05,28,1,0,30,10,0,0
10/17/22,9/2/22,8/10/22,Botanic Gardens,23,12,Y,Worker,N,360,0.79,0.17,0.1,13,0,1,4,20,0,0
10/17/22,9/2/22,8/10/22,Botanic Gardens,23,12,Y,Worker,N,361,0.88,0.18,0.09,13,0,1,4,20,0,0
10/17/22,9/2/22,8/10/22,Botanic Gardens,23,12,Y,Worker,N,362,0.86,0.2,0.11,13,0,1,4,20,0,0
10/17/22,9/2/22,8/10/22,Botanic Gardens,23,12,Y,Worker,N,363,0.88,0.17,0.09,13,0,1,4,20,0,0
10/17/22,9/2/22,8/10/22,Botanic Gardens,23,12,Y,Worker,N,364,0.87,0.2,0.08,13,0,1,4,20,0,0
10/17/22,9/2/22,8/10/22,Botanic Gardens,23,12,Y,Worker,N,365,0.91,0.2,0.09,13,0,1,4,20,0,0
10/17/22,9/2/22,8/10/22,Botanic Gardens,23,12,Y,Worker,N,366,0.91,0.26,0.09,13,0,1,4,20,0,0
10/17/22,9/2/22,8/10/22,Botanic Gardens,23,12,Y,Worker,F,367,0.76,0.19,0.11,13,0,1,4,20,0,0
10/17/22,9/2/22,8/10/22,Botanic Gardens,23,12,Y,Worker,F,368,0.85,0.22,0.12,13,0,1,4,20,0,0
10/17/22,9/2/22,8/10/22,Botanic Gardens,23,12,Y,Worker,X,369,0.85,0.15,0.09,13,0,1,4,20,0,0
10/17/22,9/2/22,8/10/22,Botanic Gardens,23,12,Y,Worker,X,370,0.84,0.22,0.11,13,0,1,4,20,0,0
10/17/22,9/2/22,8/10/22,Botanic Gardens,24,12,N,Worker,N,371,0.82,0.2,0.1,14,0,0,5,30,0,0
10/17/22,9/2/22,8/10/22,Botanic Gardens,24,12,N,Worker,N,372,0.88,0.19,0.12,14,0,0,5,30,0,0
10/17/22,9/2/22,8/10/22,Botanic Gardens,24,12,N,Worker,N,373,0.86,0.23,0.09,14,0,0,5,30,0,0
10/17/22,9/2/22,8/10/22,Botanic Gardens,24,12,N,Worker,N,374,0.94,0.22,0.11,14,0,0,5,30,0,0
10/17/22,9/2/22,8/10/22,Botanic Gardens,24,12,N,Worker,N,375,0.87,0.19,0.08,14,0,0,5,30,0,0
10/17/22,9/2/22,8/10/22,Botanic Gardens,24,12,N,Worker,N,376,0.89,0.25,0.1,14,0,0,5,30,0,0
10/17/22,9/2/22,8/10/22,Botanic Gardens,24,12,N,Worker,N,377,0.79,0.2,0.1,14,0,0,5,30,0,0
10/17/22,9/2/22,8/10/22,Botanic Gardens,24,12,N,Worker,X,378,0.89,0.18,0.11,14,0,0,5,30,0,0
10/17/22,9/2/22,8/10/22,Botanic Gardens,24,12,N,Worker,X,379,0.9,0.25,0.1,14,0,0,5,30,0,0
10/17/22,9/2/22,8/10/22,Botanic Gardens,24,12,N,Worker,X,380,0.89,0.24,0.09,14,0,0,5,30,0,0
10/17/22,9/2/22,8/10/22,Botanic Gardens,24,12,N,Worker,X,381,0.87,0.19,0.1,14,0,0,5,30,0,0
10/17/22,9/21/22,8/16/22,Lickbrook,25,13,Y,Worker,N,382,0.84,0.21,0.13,11,0,0,10,0,0,0
10/17/22,9/21/22,8/16/22,Lickbrook,25,13,Y,Worker,N,383,0.84,0.21,0.11,11,0,0,10,0,0,0
10/17/22,9/21/22,8/16/22,Lickbrook,25,13,Y,Worker,F,384,0.89,0.22,0.15,11,0,0,10,0,0,0
10/17/22,9/21/22,8/16/22,Lickbrook,25,13,Y,Worker,X,385,0.73,0.16,0.1,11,0,0,10,0,0,0
10/17/22,9/21/22,8/16/22,Lickbrook,25,13,Y,Worker,X,386,0.87,0.16,0.11,11,0,0,10,0,0,0
10/17/22,9/21/22,8/16/22,Lickbrook,25,13,Y,Worker,X,387,0.83,0.16,0.08,11,0,0,10,0,0,0
10/17/22,9/21/22,8/16/22,Lickbrook,25,13,Y,Worker,X,388,0.86,0.21,0.12,11,0,0,10,0,0,0
10/17/22,9/21/22,8/16/22,Lickbrook,25,13,Y,Worker,X,389,0.79,0.19,0.14,11,0,0,10,0,0,0
10/17/22,9/21/22,8/16/22,Lickbrook,26,13,N,Worker,N,390,0.78,0.19,0.12,15,0,0,15,0,0,0
10/17/22,9/21/22,8/16/22,Lickbrook,26,13,N,Worker,N,391,0.82,0.2,0.1,15,0,0,15,0,0,0
10/17/22,9/21/22,8/16/22,Lickbrook,26,13,N,Worker,N,392,0.75,0.17,0.11,15,0,0,15,0,0,0
10/17/22,9/21/22,8/16/22,Lickbrook,26,13,N,Worker,N,393,0.79,0.2,0.11,15,0,0,15,0,0,0
10/17/22,9/21/22,8/16/22,Lickbrook,26,13,N,Worker,F,394,0.82,0.22,0.11,15,0,0,15,0,0,0
10/17/22,9/21/22,8/16/22,Lickbrook,26,13,N,Worker,F,395,0.78,0.19,0.11,15,0,0,15,0,0,0
10/17/22,9/21/22,8/16/22,Lickbrook,26,13,N,Worker,X,396,0.79,0.22,0.11,15,0,0,15,0,0,0
10/17/22,9/21/22,8/16/22,Lickbrook,26,13,N,Worker,X,397,0.8,0.22,0.13,15,0,0,15,0,0,0
10/17/22,9/21/22,8/16/22,Lickbrook,26,13,N,Worker,X,398,0.85,0.18,0.11,15,0,0,15,0,0,0
10/17/22,9/21/22,8/16/22,Lickbrook,26,13,N,Worker,X,399,0.74,0.13,0.09,15,0,0,15,0,0,0
10/17/22,9/21/22,8/16/22,Lickbrook,26,13,N,Worker,X,400,0.8,0.17,0.1,15,0,0,15,0,0,0
10/17/22,9/21/22,8/16/22,Lickbrook,26,13,N,Worker,X,401,0.86,0.19,0.12,15,0,0,15,0,0,0
10/17/22,9/21/22,8/16/22,Lickbrook,26,13,N,Worker,X,402,0.79,0.24,0.11,15,0,0,15,0,0,0
10/17/22,9/21/22,8/16/22,Lickbrook,26,13,N,Worker,X,403,0.79,0.2,0.12,15,0,0,15,0,0,0
10/17/22,9/6/22,8/19/22,Botanic Gardens,29,15,Y,Worker,N,404,0.81,0.19,0.1,20,0,0,2,17,0,0
10/17/22,9/6/22,8/19/22,Botanic Gardens,29,15,Y,Worker,N,405,0.78,0.16,0.07,20,0,0,2,17,0,0
10/17/22,9/6/22,8/19/22,Botanic Gardens,29,15,Y,Worker,N,406,0.82,0.21,0.05,20,0,0,2,17,0,0
10/17/22,9/6/22,8/19/22,Botanic Gardens,29,15,Y,Worker,N,407,0.85,0.22,0.08,20,0,0,2,17,0,0
10/17/22,9/6/22,8/19/22,Botanic Gardens,29,15,Y,Worker,N,408,0.74,0.18,0.08,20,0,0,2,17,0,0
10/17/22,9/6/22,8/19/22,Botanic Gardens,29,15,Y,Worker,N,409,0.75,0.19,0.1,20,0,0,2,17,0,0
10/17/22,9/6/22,8/19/22,Botanic Gardens,29,15,Y,Worker,F,410,0.73,0.23,0.09,20,0,0,2,17,0,0
10/17/22,9/6/22,8/19/22,Botanic Gardens,29,15,Y,Worker,F,411,0.75,0.17,0.08,20,0,0,2,17,0,0
10/17/22,9/6/22,8/19/22,Botanic Gardens,29,15,Y,Worker,F,412,0.7,0.15,0.1,20,0,0,2,17,0,0
10/17/22,9/6/22,8/19/22,Botanic Gardens,29,15,Y,Worker,X,413,0.78,0.16,0.11,20,0,0,2,17,0,0
10/17/22,9/6/22,8/19/22,Botanic Gardens,29,15,Y,Worker,X,414,0.76,0.16,0.08,20,0,0,2,17,0,0
10/17/22,9/6/22,8/19/22,Botanic Gardens,29,15,Y,Worker,X,415,0.76,0.21,0.11,20,0,0,2,17,0,0
10/17/22,9/6/22,8/19/22,Botanic Gardens,29,15,Y,Worker,X,416,0.72,0.18,0.08,20,0,0,2,17,0,0
10/17/22,9/6/22,8/19/22,Botanic Gardens,29,15,Y,Worker,X,417,0.67,0.13,0.06,20,0,0,2,17,0,0
10/17/22,9/6/22,8/19/22,Botanic Gardens,29,15,Y,Worker,X,418,0.76,0.16,0.12,20,0,0,2,17,0,0
10/17/22,9/6/22,8/19/22,Botanic Gardens,29,15,Y,Worker,X,419,0.69,0.19,0.08,20,0,0,2,17,0,0
10/17/22,9/6/22,8/19/22,Botanic Gardens,29,15,Y,Worker,X,420,0.72,0.17,0.11,20,0,0,2,17,0,0
10/17/22,9/6/22,8/19/22,Botanic Gardens,29,15,Y,Worker,X,421,0.82,0.16,0.11,20,0,0,2,17,0,0
10/17/22,9/6/22,8/19/22,Botanic Gardens,30,15,N,Worker,N,422,0.69,0.18,0.07,16,0,2,4,6,0,0
10/17/22,9/6/22,8/19/22,Botanic Gardens,30,15,N,Worker,N,423,0.77,0.15,0.1,16,0,2,4,6,0,0
10/17/22,9/6/22,8/19/22,Botanic Gardens,30,15,N,Worker,N,424,0.76,0.19,0.1,16,0,2,4,6,0,0
10/17/22,9/6/22,8/19/22,Botanic Gardens,30,15,N,Worker,N,425,0.72,0.17,0.07,16,0,2,4,6,0,0
10/17/22,9/6/22,8/19/22,Botanic Gardens,30,15,N,Worker,N,426,0.77,0.16,0.09,16,0,2,4,6,0,0
10/17/22,9/6/22,8/19/22,Botanic Gardens,30,15,N,Worker,F,427,0.72,0.16,0.07,16,0,2,4,6,0,0
10/17/22,9/6/22,8/19/22,Botanic Gardens,30,15,N,Worker,F,428,0.74,0.19,0.07,16,0,2,4,6,0,0
10/17/22,9/6/22,8/19/22,Botanic Gardens,30,15,N,Worker,F,429,0.82,0.21,0.1,16,0,2,4,6,0,0
10/17/22,9/6/22,8/19/22,Botanic Gardens,30,15,N,Worker,F,430,0.83,0.23,0.11,16,0,2,4,6,0,0
10/17/22,9/6/22,8/19/22,Botanic Gardens,30,15,N,Worker,X,431,0.75,0.17,0.09,16,0,2,4,6,0,0
10/17/22,9/6/22,8/19/22,Botanic Gardens,30,15,N,Worker,X,432,0.75,0.18,0.06,16,0,2,4,6,0,0
10/17/22,9/6/22,8/19/22,Botanic Gardens,30,15,N,Worker,X,433,0.74,0.17,0.09,16,0,2,4,6,0,0
10/17/22,9/6/22,8/19/22,Botanic Gardens,30,15,N,Worker,X,434,0.84,0.22,0.13,16,0,2,4,6,0,0
10/17/22,9/6/22,8/19/22,Botanic Gardens,30,15,N,Worker,X,435,0.78,0.17,0.08,16,0,2,4,6,0,0
10/18/22,9/9/22,8/22/22,Botanic Gardens,33,17,N,Worker,N,436,0.8,0.18,0.11,14,0,0,4,0,0,0
10/18/22,9/9/22,8/22/22,Botanic Gardens,33,17,N,Worker,N,437,0.82,0.22,0.12,14,0,0,4,0,0,0
10/18/22,9/9/22,8/22/22,Botanic Gardens,33,17,N,Worker,N,438,0.76,0.23,0.09,14,0,0,4,0,0,0
10/18/22,9/9/22,8/22/22,Botanic Gardens,33,17,N,Worker,F,439,0.75,0.21,0.14,14,0,0,4,0,0,0
10/18/22,9/9/22,8/22/22,Botanic Gardens,33,17,N,Worker,X,440,0.83,0.16,0.12,14,0,0,4,0,0,0
10/18/22,9/9/22,8/22/22,Botanic Gardens,33,17,N,Worker,X,441,0.83,0.17,0.1,14,0,0,4,0,0,0
10/18/22,9/9/22,8/22/22,Botanic Gardens,33,17,N,Worker,X,442,0.83,0.2,0.12,14,0,0,4,0,0,0
10/18/22,9/9/22,8/22/22,Botanic Gardens,33,17,N,Worker,X,443,0.79,0.18,0.1,14,0,0,4,0,0,0
10/18/22,9/9/22,8/22/22,Botanic Gardens,33,17,N,Worker,X,444,0.8,0.2,0.1,14,0,0,4,0,0,0
10/18/22,9/9/22,8/22/22,Botanic Gardens,33,17,N,Worker,X,445,0.85,0.18,0.1,14,0,0,4,0,0,0
10/18/22,9/9/22,8/22/22,Botanic Gardens,33,17,N,Worker,X,446,0.76,0.19,0.1,14,0,0,4,0,0,0
10/18/22,9/9/22,8/22/22,Botanic Gardens,34,17,Y,Worker,N,447,0.78,0.17,0.12,12,0,0,4,0,0,0
10/18/22,9/9/22,8/22/22,Botanic Gardens,34,17,Y,Worker,N,448,0.78,0.19,0.11,12,0,0,4,0,0,0
10/18/22,9/9/22,8/22/22,Botanic Gardens,34,17,Y,Worker,N,449,0.76,0.18,0.12,12,0,0,4,0,0,0
10/18/22,9/9/22,8/22/22,Botanic Gardens,34,17,Y,Worker,F,450,0.77,0.21,0.11,12,0,0,4,0,0,0
10/18/22,9/9/22,8/22/22,Botanic Gardens,34,17,Y,Worker,X,451,0.87,0.2,0.13,12,0,0,4,0,0,0
10/18/22,9/9/22,8/22/22,Botanic Gardens,34,17,Y,Worker,X,452,0.81,0.17,0.12,12,0,0,4,0,0,0
10/18/22,9/9/22,8/22/22,Botanic Gardens,34,17,Y,Worker,X,453,0.79,0.21,0.09,12,0,0,4,0,0,0
10/18/22,9/9/22,8/22/22,Botanic Gardens,34,17,Y,Worker,X,454,0.8,0.2,0.12,12,0,0,4,0,0,0
10/18/22,9/9/22,8/22/22,Botanic Gardens,34,17,Y,Worker,X,455,0.79,0.17,0.1,12,0,0,4,0,0,0
10/18/22,9/9/22,8/22/22,Botanic Gardens,35,18,Y,Worker,N,456,0.74,0.16,0.11,36,0,0,21,0,0,0
10/18/22,9/9/22,8/22/22,Botanic Gardens,35,18,Y,Worker,N,457,0.73,0.17,0.11,36,0,0,21,0,0,0
10/18/22,9/9/22,8/22/22,Botanic Gardens,35,18,Y,Worker,N,458,0.74,0.18,0.11,36,0,0,21,0,0,0
10/18/22,9/9/22,8/22/22,Botanic Gardens,35,18,Y,Worker,N,459,0.74,0.19,0.09,36,0,0,21,0,0,0
10/18/22,9/9/22,8/22/22,Botanic Gardens,35,18,Y,Worker,N,460,0.75,0.2,0.11,36,0,0,21,0,0,0
10/18/22,9/9/22,8/22/22,Botanic Gardens,35,18,Y,Worker,N,461,0.78,0.13,0.1,36,0,0,21,0,0,0
10/18/22,9/9/22,8/22/22,Botanic Gardens,35,18,Y,Worker,N,462,0.78,0.19,0.1,36,0,0,21,0,0,0
10/18/22,9/9/22,8/22/22,Botanic Gardens,35,18,Y,Worker,F,463,0.72,0.16,0.11,36,0,0,21,0,0,0
10/18/22,9/9/22,8/22/22,Botanic Gardens,35,18,Y,Worker,F,464,0.7,0.19,0.11,36,0,0,21,0,0,0
10/18/22,9/9/22,8/22/22,Botanic Gardens,35,18,Y,Worker,F,465,0.75,0.21,0.1,36,0,0,21,0,0,0
10/18/22,9/9/22,8/22/22,Botanic Gardens,35,18,Y,Worker,F,466,0.64,0.16,0.09,36,0,0,21,0,0,0
10/18/22,9/9/22,8/22/22,Botanic Gardens,35,18,Y,Worker,F,467,0.75,0.17,0.09,36,0,0,21,0,0,0
10/18/22,9/9/22,8/22/22,Botanic Gardens,35,18,Y,Worker,F,468,0.77,0.17,0.12,36,0,0,21,0,0,0
10/18/22,9/9/22,8/22/22,Botanic Gardens,35,18,Y,Worker,X,469,0.75,0.17,0.12,36,0,0,21,0,0,0
10/18/22,9/9/22,8/22/22,Botanic Gardens,35,18,Y,Worker,X,470,0.75,0.16,0.08,36,0,0,21,0,0,0
10/18/22,9/9/22,8/22/22,Botanic Gardens,35,18,Y,Worker,X,471,0.76,0.2,0.1,36,0,0,21,0,0,0
10/18/22,9/9/22,8/22/22,Botanic Gardens,35,18,Y,Worker,X,472,0.76,0.19,0.11,36,0,0,21,0,0,0
10/18/22,9/9/22,8/22/22,Botanic Gardens,35,18,Y,Worker,X,473,0.74,0.19,0.1,36,0,0,21,0,0,0
10/18/22,9/9/22,8/22/22,Botanic Gardens,35,18,Y,Worker,X,474,0.69,0.17,0.1,36,0,0,21,0,0,0
10/18/22,9/9/22,8/22/22,Botanic Gardens,35,18,Y,Worker,X,475,0.74,0.16,0.12,36,0,0,21,0,0,0
10/18/22,9/9/22,8/22/22,Botanic Gardens,35,18,Y,Worker,X,476,0.68,0.18,0.09,36,0,0,21,0,0,0
10/18/22,9/9/22,8/22/22,Botanic Gardens,35,18,Y,Worker,X,477,0.77,0.16,0.09,36,0,0,21,0,0,0
10/18/22,9/9/22,8/22/22,Botanic Gardens,35,18,Y,Worker,X,478,0.75,0.19,0.09,36,0,0,21,0,0,0
10/18/22,9/9/22,8/22/22,Botanic Gardens,35,18,Y,Worker,X,479,0.73,0.18,0.11,36,0,0,21,0,0,0
10/18/22,9/9/22,8/22/22,Botanic Gardens,35,18,Y,Worker,X,480,0.77,0.17,0.1,36,0,0,21,0,0,0
10/18/22,9/9/22,8/22/22,Botanic Gardens,35,18,Y,Worker,X,481,0.69,0.21,0.09,36,0,0,21,0,0,0
10/18/22,9/9/22,8/22/22,Botanic Gardens,35,18,Y,Worker,X,482,0.78,0.21,0.1,36,0,0,21,0,0,0
10/18/22,9/9/22,8/22/22,Botanic Gardens,36,18,N,Worker,N,483,0.72,0.19,0.11,39,0,0,16,0,0,0
10/18/22,9/9/22,8/22/22,Botanic Gardens,36,18,N,Worker,N,484,0.74,0.16,0.08,39,0,0,16,0,0,0
10/18/22,9/9/22,8/22/22,Botanic Gardens,36,18,N,Worker,N,485,0.72,0.19,0.1,39,0,0,16,0,0,0
10/18/22,9/9/22,8/22/22,Botanic Gardens,36,18,N,Worker,N,486,0.76,0.19,0.09,39,0,0,16,0,0,0
10/18/22,9/9/22,8/22/22,Botanic Gardens,36,18,N,Worker,N,487,0.77,0.17,0.09,39,0,0,16,0,0,0
10/18/22,9/9/22,8/22/22,Botanic Gardens,36,18,N,Worker,N,488,0.71,0.14,0.09,39,0,0,16,0,0,0
10/18/22,9/9/22,8/22/22,Botanic Gardens,36,18,N,Worker,N,489,0.76,0.19,0.09,39,0,0,16,0,0,0
10/18/22,9/9/22,8/22/22,Botanic Gardens,36,18,N,Worker,N,490,0.72,0.2,0.12,39,0,0,16,0,0,0
10/18/22,9/9/22,8/22/22,Botanic Gardens,36,18,N,Worker,N,491,0.73,0.18,0.09,39,0,0,16,0,0,0
10/18/22,9/9/22,8/22/22,Botanic Gardens,36,18,N,Worker,N,492,0.72,0.21,0.1,39,0,0,16,0,0,0
10/18/22,9/9/22,8/22/22,Botanic Gardens,36,18,N,Worker,N,493,0.73,0.17,0.09,39,0,0,16,0,0,0
10/18/22,9/9/22,8/22/22,Botanic Gardens,36,18,N,Worker,F,494,0.75,0.2,0.08,39,0,0,16,0,0,0
10/18/22,9/9/22,8/22/22,Botanic Gardens,36,18,N,Worker,F,495,0.69,0.18,0.1,39,0,0,16,0,0,0
10/18/22,9/9/22,8/22/22,Botanic Gardens,36,18,N,Worker,F,496,0.75,0.17,0.08,39,0,0,16,0,0,0
10/18/22,9/9/22,8/22/22,Botanic Gardens,36,18,N,Worker,F,497,0.73,0.14,0.08,39,0,0,16,0,0,0
10/18/22,9/9/22,8/22/22,Botanic Gardens,36,18,N,Worker,F,498,0.72,0.16,0.09,39,0,0,16,0,0,0
10/18/22,9/9/22,8/22/22,Botanic Gardens,36,18,N,Worker,F,499,0.76,0.2,0.12,39,0,0,16,0,0,0
10/18/22,9/9/22,8/22/22,Botanic Gardens,36,18,N,Worker,X,500,0.75,0.18,0.11,39,0,0,16,0,0,0
10/18/22,9/9/22,8/22/22,Botanic Gardens,36,18,N,Worker,X,501,0.78,0.21,0.09,39,0,0,16,0,0,0
10/18/22,9/9/22,8/22/22,Botanic Gardens,36,18,N,Worker,X,502,0.72,0.17,0.1,39,0,0,16,0,0,0
10/18/22,9/9/22,8/22/22,Botanic Gardens,36,18,N,Worker,X,503,0.76,0.2,0.1,39,0,0,16,0,0,0
10/18/22,9/9/22,8/22/22,Botanic Gardens,36,18,N,Worker,X,504,0.69,0.18,0.1,39,0,0,16,0,0,0
10/18/22,9/9/22,8/22/22,Botanic Gardens,36,18,N,Worker,X,505,0.77,0.16,0.07,39,0,0,16,0,0,0
10/18/22,9/9/22,8/22/22,Botanic Gardens,36,18,N,Worker,X,506,0.72,0.17,0.07,39,0,0,16,0,0,0
10/18/22,9/9/22,8/22/22,Botanic Gardens,36,18,N,Worker,X,507,0.7,0.2,0.09,39,0,0,16,0,0,0
10/18/22,9/9/22,8/22/22,Botanic Gardens,36,18,N,Worker,X,508,0.75,0.22,0.09,39,0,0,16,0,0,0
10/18/22,9/9/22,8/22/22,Botanic Gardens,36,18,N,Worker,X,509,0.81,0.19,0.08,39,0,0,16,0,0,0
10/18/22,9/9/22,8/22/22,Botanic Gardens,36,18,N,Worker,X,510,0.76,0.14,0.1,39,0,0,16,0,0,0
10/18/22,9/9/22,8/22/22,Botanic Gardens,36,18,N,Worker,X,511,0.73,0.17,0.12,39,0,0,16,0,0,0
10/18/22,9/9/22,8/22/22,Botanic Gardens,36,18,N,Worker,X,512,0.75,0.22,0.12,39,0,0,16,0,0,0
10/18/22,9/9/22,8/22/22,Botanic Gardens,36,18,N,Worker,X,513,0.75,0.2,0.11,39,0,0,16,0,0,0
10/18/22,9/9/22,8/22/22,Botanic Gardens,36,18,N,Worker,X,514,0.76,0.19,0.14,39,0,0,16,0,0,0
10/18/22,9/9/22,8/22/22,Botanic Gardens,36,18,N,Worker,X,515,0.71,0.18,0.09,39,0,0,16,0,0,0
10/18/22,9/9/22,8/22/22,Botanic Gardens,36,18,N,Worker,X,516,0.76,0.15,0.07,39,0,0,16,0,0,0
10/19/22,9/21/22,8/28/22,ICNL,39,20,Y,Worker,N,517,0.84,0.23,0.09,10,1,0,6,0,0,0
10/19/22,9/21/22,8/28/22,ICNL,39,20,Y,Worker,F,518,0.83,0.23,0.12,10,1,0,6,0,0,0
10/19/22,9/21/22,8/28/22,ICNL,39,20,Y,Worker,F,519,0.83,0.21,0.13,10,1,0,6,0,0,0
10/19/22,9/21/22,8/28/22,ICNL,39,20,Y,Worker,X,520,0.88,0.22,0.1,10,1,0,6,0,0,0
10/19/22,9/21/22,8/28/22,ICNL,39,20,Y,Worker,X,521,0.85,0.18,0.11,10,1,0,6,0,0,0
10/19/22,9/21/22,8/28/22,ICNL,39,20,Y,Worker,X,522,0.86,0.22,0.12,10,1,0,6,0,0,0
10/19/22,9/21/22,8/28/22,ICNL,39,20,Y,Worker,X,523,0.8,0.2,0.12,10,1,0,6,0,0,0
10/19/22,9/21/22,8/28/22,ICNL,39,20,Y,Worker,X,524,0.83,0.21,0.12,10,1,0,6,0,0,0
10/19/22,9/21/22,8/28/22,ICNL,39,20,Y,Queen,DQ,525,0.99,0.16,0.07,10,1,0,6,0,0,0
10/19/22,9/21/22,8/28/22,ICNL,40,20,N,Worker,N,526,0.85,0.19,0.11,12,1,0,21,0,0,0
10/19/22,9/21/22,8/28/22,ICNL,40,20,N,Worker,N,527,0.81,0.16,0.11,12,1,0,21,0,0,0
10/19/22,9/21/22,8/28/22,ICNL,40,20,N,Worker,N,528,0.83,0.21,0.12,12,1,0,21,0,0,0
10/19/22,9/21/22,8/28/22,ICNL,40,20,N,Worker,F,529,0.8,0.2,0.11,12,1,0,21,0,0,0
10/19/22,9/21/22,8/28/22,ICNL,40,20,N,Worker,F,530,0.86,0.14,0.05,12,1,0,21,0,0,0
10/19/22,9/21/22,8/28/22,ICNL,40,20,N,Worker,F,531,0.87,0.2,0.1,12,1,0,21,0,0,0
10/19/22,9/21/22,8/28/22,ICNL,40,20,N,Worker,X,532,0.87,0.2,0.12,12,1,0,21,0,0,0
10/19/22,9/21/22,8/28/22,ICNL,40,20,N,Worker,X,533,0.85,0.21,0.11,12,1,0,21,0,0,0
10/19/22,9/21/22,8/28/22,ICNL,40,20,N,Worker,X,534,0.81,0.23,0.12,12,1,0,21,0,0,0
10/19/22,9/21/22,8/28/22,ICNL,40,20,N,Worker,X,535,0.86,0.19,0.12,12,1,0,21,0,0,0
10/19/22,9/21/22,8/28/22,ICNL,40,20,N,Worker,X,536,0.89,0.25,0.1,12,1,0,21,0,0,0
10/19/22,9/21/22,8/28/22,ICNL,40,20,N,Queen,DQ,537,1.18,0.2,0.11,12,1,0,21,0,0,0
10/19/22,9/21/22,8/28/22,ICNL,43,22,N,Worker,N,538,0.81,0.26,0.1,34,0,0,26,0,0,0
10/19/22,9/21/22,8/28/22,ICNL,43,22,N,Worker,N,539,0.75,0.18,0.09,34,0,0,26,0,0,0
10/19/22,9/21/22,8/28/22,ICNL,43,22,N,Worker,N,540,0.81,0.2,0.09,34,0,0,26,0,0,0
10/19/22,9/21/22,8/28/22,ICNL,43,22,N,Worker,N,541,0.75,0.19,0.1,34,0,0,26,0,0,0
10/19/22,9/21/22,8/28/22,ICNL,43,22,N,Worker,N,542,0.81,0.19,0.11,34,0,0,26,0,0,0
10/19/22,9/21/22,8/28/22,ICNL,43,22,N,Worker,N,543,0.71,0.15,0.08,34,0,0,26,0,0,0
10/19/22,9/21/22,8/28/22,ICNL,43,22,N,Worker,N,544,0.61,0.17,0.1,34,0,0,26,0,0,0
10/19/22,9/21/22,8/28/22,ICNL,43,22,N,Worker,N,545,0.82,0.25,0.11,34,0,0,26,0,0,0
10/19/22,9/21/22,8/28/22,ICNL,43,22,N,Worker,F,546,0.73,0.2,0.1,34,0,0,26,0,0,0
10/19/22,9/21/22,8/28/22,ICNL,43,22,N,Worker,F,547,0.79,0.18,0.09,34,0,0,26,0,0,0
10/19/22,9/21/22,8/28/22,ICNL,43,22,N,Worker,X,548,0.76,0.22,0.09,34,0,0,26,0,0,0
10/19/22,9/21/22,8/28/22,ICNL,43,22,N,Worker,X,549,0.74,0.2,0.08,34,0,0,26,0,0,0
10/19/22,9/21/22,8/28/22,ICNL,43,22,N,Worker,X,550,0.77,0.18,0.08,34,0,0,26,0,0,0
10/19/22,9/21/22,8/28/22,ICNL,43,22,N,Worker,X,551,0.79,0.21,0.1,34,0,0,26,0,0,0
10/19/22,9/21/22,8/28/22,ICNL,43,22,N,Worker,X,552,0.8,0.22,0.14,34,0,0,26,0,0,0
10/19/22,9/21/22,8/28/22,ICNL,43,22,N,Worker,X,553,0.81,0.24,0.12,34,0,0,26,0,0,0
10/19/22,9/21/22,8/28/22,ICNL,43,22,N,Worker,X,554,0.77,0.22,0.09,34,0,0,26,0,0,0
10/19/22,9/21/22,8/28/22,ICNL,43,22,N,Worker,X,555,0.83,0.21,0.09,34,0,0,26,0,0,0
10/19/22,9/21/22,8/28/22,ICNL,43,22,N,Worker,X,556,0.81,0.19,0.09,34,0,0,26,0,0,0
10/19/22,9/21/22,8/28/22,ICNL,43,22,N,Worker,X,557,0.79,0.18,0.08,34,0,0,26,0,0,0
10/19/22,9/21/22,8/28/22,ICNL,43,22,N,Worker,X,558,0.8,0.19,0.09,34,0,0,26,0,0,0
10/19/22,9/21/22,8/28/22,ICNL,43,22,N,Worker,X,559,0.88,0.24,0.12,34,0,0,26,0,0,0
10/19/22,9/21/22,8/28/22,ICNL,43,22,N,Worker,X,560,0.71,0.22,0.1,34,0,0,26,0,0,0
10/19/22,9/21/22,8/28/22,ICNL,43,22,N,Worker,X,561,0.8,0.22,0.09,34,0,0,26,0,0,0
10/19/22,9/21/22,8/28/22,ICNL,43,22,N,Worker,X,562,0.77,0.18,0.13,34,0,0,26,0,0,0
10/19/22,9/21/22,8/28/22,ICNL,43,22,N,Worker,X,563,0.79,0.23,0.14,34,0,0,26,0,0,0
10/19/22,9/21/22,8/28/22,ICNL,43,22,N,Worker,X,564,0.81,0.18,0.13,34,0,0,26,0,0,0
10/19/22,9/21/22,8/28/22,ICNL,43,22,N,Worker,X,565,0.78,0.23,0.09,34,0,0,26,0,0,0
10/19/22,9/21/22,8/28/22,ICNL,43,22,N,Worker,X,566,0.8,0.24,0.13,34,0,0,26,0,0,0
10/19/22,9/21/22,8/28/22,ICNL,44,22,Y,Worker,N,567,0.81,0.21,0.09,36,0,0,23,0,0,0
10/19/22,9/21/22,8/28/22,ICNL,44,22,Y,Worker,N,568,0.7,0.25,0.08,36,0,0,23,0,0,0
10/19/22,9/21/22,8/28/22,ICNL,44,22,Y,Worker,F,569,0.79,0.2,0.14,36,0,0,23,0,0,0
10/19/22,9/21/22,8/28/22,ICNL,44,22,Y,Worker,F,570,0.81,0.21,0.07,36,0,0,23,0,0,0
10/19/22,9/21/22,8/28/22,ICNL,44,22,Y,Worker,F,571,0.8,0.21,0.13,36,0,0,23,0,0,0
10/19/22,9/21/22,8/28/22,ICNL,44,22,Y,Worker,F,572,0.76,0.18,0.1,36,0,0,23,0,0,0
10/19/22,9/21/22,8/28/22,ICNL,44,22,Y,Worker,X,573,0.74,0.17,0.09,36,0,0,23,0,0,0
10/19/22,9/21/22,8/28/22,ICNL,44,22,Y,Worker,X,574,0.82,0.22,0.09,36,0,0,23,0,0,0
10/19/22,9/21/22,8/28/22,ICNL,44,22,Y,Worker,X,575,0.82,0.23,0.08,36,0,0,23,0,0,0
10/19/22,9/21/22,8/28/22,ICNL,44,22,Y,Worker,X,576,0.78,0.21,0.09,36,0,0,23,0,0,0
10/19/22,9/21/22,8/28/22,ICNL,44,22,Y,Worker,X,577,0.78,0.21,0.09,36,0,0,23,0,0,0
10/19/22,9/21/22,8/28/22,ICNL,44,22,Y,Worker,X,578,0.84,0.2,0.09,36,0,0,23,0,0,0
10/19/22,9/21/22,8/28/22,ICNL,44,22,Y,Worker,X,579,0.81,0.13,0.1,36,0,0,23,0,0,0
10/19/22,9/21/22,8/28/22,ICNL,44,22,Y,Worker,X,580,0.8,0.24,0.1,36,0,0,23,0,0,0
10/19/22,9/21/22,8/28/22,ICNL,44,22,Y,Worker,X,581,0.81,0.22,0.09,36,0,0,23,0,0,0
10/19/22,9/21/22,8/28/22,ICNL,44,22,Y,Worker,X,582,0.73,0.21,0.1,36,0,0,23,0,0,0
10/19/22,9/21/22,8/28/22,ICNL,44,22,Y,Worker,X,583,0.8,0.21,0.12,36,0,0,23,0,0,0
10/19/22,9/21/22,8/28/22,ICNL,44,22,Y,Worker,X,584,0.84,0.25,0.11,36,0,0,23,0,0,0
10/19/22,9/21/22,8/28/22,ICNL,44,22,Y,Worker,X,585,0.77,0.17,0.09,36,0,0,23,0,0,0
10/19/22,9/21/22,8/28/22,ICNL,44,22,Y,Worker,X,586,0.78,0.21,0.12,36,0,0,23,0,0,0
10/19/22,9/21/22,8/28/22,ICNL,44,22,Y,Worker,X,587,0.79,0.21,0.1,36,0,0,23,0,0,0
10/19/22,9/21/22,8/28/22,ICNL,44,22,Y,Worker,X,588,0.85,0.22,0.12,36,0,0,23,0,0,0
10/19/22,9/21/22,8/28/22,ICNL,44,22,Y,Worker,X,589,0.81,0.21,0.13,36,0,0,23,0,0,0
10/19/22,9/21/22,8/28/22,ICNL,44,22,Y,Worker,X,590,0.78,0.19,0.07,36,0,0,23,0,0,0
10/19/22,9/21/22,8/28/22,ICNL,44,22,Y,Worker,X,591,0.69,0.17,0.06,36,0,0,23,0,0,0
10/19/22,9/21/22,8/28/22,ICNL,44,22,Y,Worker,X,592,0.77,0.23,0.09,36,0,0,23,0,0,0
10/19/22,9/21/22,8/28/22,ICNL,44,22,Y,Worker,X,593,0.74,0.2,0.09,36,0,0,23,0,0,0
10/19/22,9/21/22,8/28/22,ICNL,44,22,Y,Worker,X,594,0.81,0.23,0.1,36,0,0,23,0,0,0
10/19/22,9/21/22,8/28/22,ICNL,44,22,Y,Worker,X,595,0.74,0.2,0.11,36,0,0,23,0,0,0
10/19/22,9/21/22,8/28/22,ICNL,44,22,Y,Worker,X,596,0.71,0.15,0.06,36,0,0,23,0,0,0
10/19/22,9/21/22,8/28/22,ICNL,44,22,Y,Worker,X,597,0.8,0.23,0.06,36,0,0,23,0,0,0
10/19/22,9/21/22,8/28/22,ICNL,44,22,Y,Worker,X,598,0.8,0.18,0.1,36,0,0,23,0,0,0